[
{
    "model": "contenttypes.contenttype",
    "pk": 1,
    "fields": {
        "app_label": "admin",
        "model": "logentry"
    }
},
{
    "model": "contenttypes.contenttype",
    "pk": 2,
    "fields": {
        "app_label": "auth",
        "model": "permission"
    }
},
{
    "model": "contenttypes.contenttype",
    "pk": 3,
    "fields": {
        "app_label": "auth",
        "model": "group"
    }
},
{
    "model": "contenttypes.contenttype",
    "pk": 4,
    "fields": {
        "app_label": "auth",
        "model": "user"
    }
},
{
    "model": "contenttypes.contenttype",
    "pk": 5,
    "fields": {
        "app_label": "contenttypes",
        "model": "contenttype"
    }
},
{
    "model": "contenttypes.contenttype",
    "pk": 6,
    "fields": {
        "app_label": "sessions",
        "model": "session"
    }
},
{
    "model": "contenttypes.contenttype",
    "pk": 7,
    "fields": {
        "app_label": "suggest",
        "model": "userprofile"
    }
},
{
    "model": "contenttypes.contenttype",
    "pk": 8,
    "fields": {
        "app_label": "suggest",
        "model": "userpost"
    }
},
{
    "model": "contenttypes.contenttype",
    "pk": 9,
    "fields": {
        "app_label": "suggest",
        "model": "usercomment"
    }
},
{
    "model": "contenttypes.contenttype",
    "pk": 10,
    "fields": {
        "app_label": "suggest",
        "model": "userreply"
    }
},
{
    "model": "contenttypes.contenttype",
    "pk": 11,
    "fields": {
        "app_label": "suggest",
        "model": "userview"
    }
},
{
    "model": "contenttypes.contenttype",
    "pk": 12,
    "fields": {
        "app_label": "suggest",
        "model": "vote"
    }
},
{
    "model": "contenttypes.contenttype",
    "pk": 13,
    "fields": {
        "app_label": "suggest",
        "model": "postflag"
    }
},
{
    "model": "contenttypes.contenttype",
    "pk": 14,
    "fields": {
        "app_label": "suggest",
        "model": "commentflag"
    }
},
{
    "model": "contenttypes.contenttype",
    "pk": 15,
    "fields": {
        "app_label": "suggest",
        "model": "flagreply"
    }
},
{
    "model": "contenttypes.contenttype",
    "pk": 16,
    "fields": {
        "app_label": "taggit",
        "model": "tag"
    }
},
{
    "model": "contenttypes.contenttype",
    "pk": 17,
    "fields": {
        "app_label": "taggit",
        "model": "taggeditem"
    }
},
{
    "model": "contenttypes.contenttype",
    "pk": 18,
    "fields": {
        "app_label": "oauth2_provider",
        "model": "application"
    }
},
{
    "model": "contenttypes.contenttype",
    "pk": 19,
    "fields": {
        "app_label": "oauth2_provider",
        "model": "grant"
    }
},
{
    "model": "contenttypes.contenttype",
    "pk": 20,
    "fields": {
        "app_label": "oauth2_provider",
        "model": "accesstoken"
    }
},
{
    "model": "contenttypes.contenttype",
    "pk": 21,
    "fields": {
        "app_label": "oauth2_provider",
        "model": "refreshtoken"
    }
},
{
    "model": "contenttypes.contenttype",
    "pk": 22,
    "fields": {
        "app_label": "corsheaders",
        "model": "corsmodel"
    }
},
{
    "model": "contenttypes.contenttype",
    "pk": 23,
    "fields": {
        "app_label": "default",
        "model": "usersocialauth"
    }
},
{
    "model": "contenttypes.contenttype",
    "pk": 24,
    "fields": {
        "app_label": "default",
        "model": "nonce"
    }
},
{
    "model": "contenttypes.contenttype",
    "pk": 25,
    "fields": {
        "app_label": "default",
        "model": "association"
    }
},
{
    "model": "contenttypes.contenttype",
    "pk": 26,
    "fields": {
        "app_label": "default",
        "model": "code"
    }
},
{
    "model": "contenttypes.contenttype",
    "pk": 27,
    "fields": {
        "app_label": "suggest",
        "model": "commentvote"
    }
},
{
    "model": "sessions.session",
    "pk": "a1uhm5eqok2nsfcg9ocqq8gu104dzevt",
    "fields": {
        "session_data": "NjU2ODVhOGFkMzU4MGRhOGY0MDE5NTYzNmRkZmM2YmQyZmNhODAzNjp7Il9hdXRoX3VzZXJfaGFzaCI6ImYyZDE1NDg3MjY2MzUyM2ZkZmZmNGI2YTY0N2E3Y2FjMmFjOTQxMjMiLCJfYXV0aF91c2VyX2JhY2tlbmQiOiJkamFuZ28uY29udHJpYi5hdXRoLmJhY2tlbmRzLk1vZGVsQmFja2VuZCIsIl9hdXRoX3VzZXJfaWQiOiIyIn0=",
        "expire_date": "2016-06-08T12:39:22.128Z"
    }
},
{
    "model": "sessions.session",
    "pk": "d7uzrbgrfsxrsdwfesj9tnekoglnu2t4",
    "fields": {
        "session_data": "MzBmZjBkZDdhMjY5ODJkMjFiZmM5NjdlYmExNzNhOTViM2M3NjE5Mzp7Il9hdXRoX3VzZXJfaGFzaCI6Ijc1MDk5NjU4MDEyMmEzNTVjZjg5ZDZiYTBlYzc3MjAyNzFjZjE5MjAiLCJfYXV0aF91c2VyX2JhY2tlbmQiOiJkamFuZ28uY29udHJpYi5hdXRoLmJhY2tlbmRzLk1vZGVsQmFja2VuZCIsIl9hdXRoX3VzZXJfaWQiOiI4In0=",
        "expire_date": "2016-06-15T15:55:08.455Z"
    }
},
{
    "model": "sessions.session",
    "pk": "f9eh2jlf6kkqmmcmptg4af8u2qqiawnm",
    "fields": {
        "session_data": "NWI0ODQwMTVjNjgyMDQwYmIxNTcxMDI1NDllOWI2MzY4MzI0MDEyZTp7Il9hdXRoX3VzZXJfaGFzaCI6ImFlZjZkYzA3ZDdhYTFiN2FkMjI3MThiYTYwODkzMWI1ZTc4MTc4Y2EiLCJfYXV0aF91c2VyX2JhY2tlbmQiOiJkamFuZ28uY29udHJpYi5hdXRoLmJhY2tlbmRzLk1vZGVsQmFja2VuZCIsIl9hdXRoX3VzZXJfaWQiOiI1In0=",
        "expire_date": "2016-06-15T10:40:40.538Z"
    }
},
{
    "model": "sessions.session",
    "pk": "v4bfx9yre9utdzs0inaa9w1wcrzjzq58",
    "fields": {
        "session_data": "NWI0ODQwMTVjNjgyMDQwYmIxNTcxMDI1NDllOWI2MzY4MzI0MDEyZTp7Il9hdXRoX3VzZXJfaGFzaCI6ImFlZjZkYzA3ZDdhYTFiN2FkMjI3MThiYTYwODkzMWI1ZTc4MTc4Y2EiLCJfYXV0aF91c2VyX2JhY2tlbmQiOiJkamFuZ28uY29udHJpYi5hdXRoLmJhY2tlbmRzLk1vZGVsQmFja2VuZCIsIl9hdXRoX3VzZXJfaWQiOiI1In0=",
        "expire_date": "2016-06-09T17:20:38.959Z"
    }
},
{
    "model": "taggit.tag",
    "pk": 1,
    "fields": {
        "name": "python",
        "slug": "python"
    }
},
{
    "model": "taggit.tag",
    "pk": 2,
    "fields": {
        "name": "sas",
        "slug": "sas"
    }
},
{
    "model": "taggit.tag",
    "pk": 3,
    "fields": {
        "name": "r",
        "slug": "r"
    }
},
{
    "model": "taggit.tag",
    "pk": 4,
    "fields": {
        "name": "abinitio",
        "slug": "abinitio"
    }
},
{
    "model": "taggit.tag",
    "pk": 5,
    "fields": {
        "name": "excel",
        "slug": "excel"
    }
},
{
    "model": "taggit.tag",
    "pk": 6,
    "fields": {
        "name": "data science",
        "slug": "data-science"
    }
},
{
    "model": "taggit.taggeditem",
    "pk": 7,
    "fields": {
        "tag": 6,
        "content_type": 8,
        "object_id": 2
    }
},
{
    "model": "taggit.taggeditem",
    "pk": 9,
    "fields": {
        "tag": 6,
        "content_type": 8,
        "object_id": 3
    }
},
{
    "model": "taggit.taggeditem",
    "pk": 11,
    "fields": {
        "tag": 6,
        "content_type": 8,
        "object_id": 5
    }
},
{
    "model": "taggit.taggeditem",
    "pk": 12,
    "fields": {
        "tag": 1,
        "content_type": 8,
        "object_id": 5
    }
},
{
    "model": "taggit.taggeditem",
    "pk": 13,
    "fields": {
        "tag": 2,
        "content_type": 8,
        "object_id": 6
    }
},
{
    "model": "taggit.taggeditem",
    "pk": 16,
    "fields": {
        "tag": 3,
        "content_type": 8,
        "object_id": 1
    }
},
{
    "model": "taggit.taggeditem",
    "pk": 17,
    "fields": {
        "tag": 1,
        "content_type": 8,
        "object_id": 8
    }
},
{
    "model": "taggit.taggeditem",
    "pk": 18,
    "fields": {
        "tag": 4,
        "content_type": 8,
        "object_id": 7
    }
},
{
    "model": "taggit.taggeditem",
    "pk": 19,
    "fields": {
        "tag": 6,
        "content_type": 8,
        "object_id": 7
    }
},
{
    "model": "taggit.taggeditem",
    "pk": 20,
    "fields": {
        "tag": 2,
        "content_type": 8,
        "object_id": 7
    }
},
{
    "model": "taggit.taggeditem",
    "pk": 21,
    "fields": {
        "tag": 3,
        "content_type": 8,
        "object_id": 7
    }
},
{
    "model": "taggit.taggeditem",
    "pk": 22,
    "fields": {
        "tag": 5,
        "content_type": 8,
        "object_id": 7
    }
},
{
    "model": "taggit.taggeditem",
    "pk": 23,
    "fields": {
        "tag": 6,
        "content_type": 8,
        "object_id": 9
    }
},
{
    "model": "taggit.taggeditem",
    "pk": 24,
    "fields": {
        "tag": 2,
        "content_type": 8,
        "object_id": 9
    }
},
{
    "model": "auth.permission",
    "pk": 1,
    "fields": {
        "name": "Can add log entry",
        "content_type": 1,
        "codename": "add_logentry"
    }
},
{
    "model": "auth.permission",
    "pk": 2,
    "fields": {
        "name": "Can change log entry",
        "content_type": 1,
        "codename": "change_logentry"
    }
},
{
    "model": "auth.permission",
    "pk": 3,
    "fields": {
        "name": "Can delete log entry",
        "content_type": 1,
        "codename": "delete_logentry"
    }
},
{
    "model": "auth.permission",
    "pk": 4,
    "fields": {
        "name": "Can add permission",
        "content_type": 2,
        "codename": "add_permission"
    }
},
{
    "model": "auth.permission",
    "pk": 5,
    "fields": {
        "name": "Can change permission",
        "content_type": 2,
        "codename": "change_permission"
    }
},
{
    "model": "auth.permission",
    "pk": 6,
    "fields": {
        "name": "Can delete permission",
        "content_type": 2,
        "codename": "delete_permission"
    }
},
{
    "model": "auth.permission",
    "pk": 7,
    "fields": {
        "name": "Can add group",
        "content_type": 3,
        "codename": "add_group"
    }
},
{
    "model": "auth.permission",
    "pk": 8,
    "fields": {
        "name": "Can change group",
        "content_type": 3,
        "codename": "change_group"
    }
},
{
    "model": "auth.permission",
    "pk": 9,
    "fields": {
        "name": "Can delete group",
        "content_type": 3,
        "codename": "delete_group"
    }
},
{
    "model": "auth.permission",
    "pk": 10,
    "fields": {
        "name": "Can add user",
        "content_type": 4,
        "codename": "add_user"
    }
},
{
    "model": "auth.permission",
    "pk": 11,
    "fields": {
        "name": "Can change user",
        "content_type": 4,
        "codename": "change_user"
    }
},
{
    "model": "auth.permission",
    "pk": 12,
    "fields": {
        "name": "Can delete user",
        "content_type": 4,
        "codename": "delete_user"
    }
},
{
    "model": "auth.permission",
    "pk": 13,
    "fields": {
        "name": "Can add content type",
        "content_type": 5,
        "codename": "add_contenttype"
    }
},
{
    "model": "auth.permission",
    "pk": 14,
    "fields": {
        "name": "Can change content type",
        "content_type": 5,
        "codename": "change_contenttype"
    }
},
{
    "model": "auth.permission",
    "pk": 15,
    "fields": {
        "name": "Can delete content type",
        "content_type": 5,
        "codename": "delete_contenttype"
    }
},
{
    "model": "auth.permission",
    "pk": 16,
    "fields": {
        "name": "Can add session",
        "content_type": 6,
        "codename": "add_session"
    }
},
{
    "model": "auth.permission",
    "pk": 17,
    "fields": {
        "name": "Can change session",
        "content_type": 6,
        "codename": "change_session"
    }
},
{
    "model": "auth.permission",
    "pk": 18,
    "fields": {
        "name": "Can delete session",
        "content_type": 6,
        "codename": "delete_session"
    }
},
{
    "model": "auth.permission",
    "pk": 19,
    "fields": {
        "name": "Can add user",
        "content_type": 7,
        "codename": "add_userprofile"
    }
},
{
    "model": "auth.permission",
    "pk": 20,
    "fields": {
        "name": "Can change user",
        "content_type": 7,
        "codename": "change_userprofile"
    }
},
{
    "model": "auth.permission",
    "pk": 21,
    "fields": {
        "name": "Can delete user",
        "content_type": 7,
        "codename": "delete_userprofile"
    }
},
{
    "model": "auth.permission",
    "pk": 22,
    "fields": {
        "name": "Can add user post",
        "content_type": 8,
        "codename": "add_userpost"
    }
},
{
    "model": "auth.permission",
    "pk": 23,
    "fields": {
        "name": "Can change user post",
        "content_type": 8,
        "codename": "change_userpost"
    }
},
{
    "model": "auth.permission",
    "pk": 24,
    "fields": {
        "name": "Can delete user post",
        "content_type": 8,
        "codename": "delete_userpost"
    }
},
{
    "model": "auth.permission",
    "pk": 25,
    "fields": {
        "name": "Can add user comment",
        "content_type": 9,
        "codename": "add_usercomment"
    }
},
{
    "model": "auth.permission",
    "pk": 26,
    "fields": {
        "name": "Can change user comment",
        "content_type": 9,
        "codename": "change_usercomment"
    }
},
{
    "model": "auth.permission",
    "pk": 27,
    "fields": {
        "name": "Can delete user comment",
        "content_type": 9,
        "codename": "delete_usercomment"
    }
},
{
    "model": "auth.permission",
    "pk": 28,
    "fields": {
        "name": "Can add user reply",
        "content_type": 10,
        "codename": "add_userreply"
    }
},
{
    "model": "auth.permission",
    "pk": 29,
    "fields": {
        "name": "Can change user reply",
        "content_type": 10,
        "codename": "change_userreply"
    }
},
{
    "model": "auth.permission",
    "pk": 30,
    "fields": {
        "name": "Can delete user reply",
        "content_type": 10,
        "codename": "delete_userreply"
    }
},
{
    "model": "auth.permission",
    "pk": 31,
    "fields": {
        "name": "Can add user view",
        "content_type": 11,
        "codename": "add_userview"
    }
},
{
    "model": "auth.permission",
    "pk": 32,
    "fields": {
        "name": "Can change user view",
        "content_type": 11,
        "codename": "change_userview"
    }
},
{
    "model": "auth.permission",
    "pk": 33,
    "fields": {
        "name": "Can delete user view",
        "content_type": 11,
        "codename": "delete_userview"
    }
},
{
    "model": "auth.permission",
    "pk": 34,
    "fields": {
        "name": "Can add vote",
        "content_type": 12,
        "codename": "add_vote"
    }
},
{
    "model": "auth.permission",
    "pk": 35,
    "fields": {
        "name": "Can change vote",
        "content_type": 12,
        "codename": "change_vote"
    }
},
{
    "model": "auth.permission",
    "pk": 36,
    "fields": {
        "name": "Can delete vote",
        "content_type": 12,
        "codename": "delete_vote"
    }
},
{
    "model": "auth.permission",
    "pk": 37,
    "fields": {
        "name": "Can add post flag",
        "content_type": 13,
        "codename": "add_postflag"
    }
},
{
    "model": "auth.permission",
    "pk": 38,
    "fields": {
        "name": "Can change post flag",
        "content_type": 13,
        "codename": "change_postflag"
    }
},
{
    "model": "auth.permission",
    "pk": 39,
    "fields": {
        "name": "Can delete post flag",
        "content_type": 13,
        "codename": "delete_postflag"
    }
},
{
    "model": "auth.permission",
    "pk": 40,
    "fields": {
        "name": "Can add comment flag",
        "content_type": 14,
        "codename": "add_commentflag"
    }
},
{
    "model": "auth.permission",
    "pk": 41,
    "fields": {
        "name": "Can change comment flag",
        "content_type": 14,
        "codename": "change_commentflag"
    }
},
{
    "model": "auth.permission",
    "pk": 42,
    "fields": {
        "name": "Can delete comment flag",
        "content_type": 14,
        "codename": "delete_commentflag"
    }
},
{
    "model": "auth.permission",
    "pk": 43,
    "fields": {
        "name": "Can add flag reply",
        "content_type": 15,
        "codename": "add_flagreply"
    }
},
{
    "model": "auth.permission",
    "pk": 44,
    "fields": {
        "name": "Can change flag reply",
        "content_type": 15,
        "codename": "change_flagreply"
    }
},
{
    "model": "auth.permission",
    "pk": 45,
    "fields": {
        "name": "Can delete flag reply",
        "content_type": 15,
        "codename": "delete_flagreply"
    }
},
{
    "model": "auth.permission",
    "pk": 46,
    "fields": {
        "name": "Can add Tag",
        "content_type": 16,
        "codename": "add_tag"
    }
},
{
    "model": "auth.permission",
    "pk": 47,
    "fields": {
        "name": "Can change Tag",
        "content_type": 16,
        "codename": "change_tag"
    }
},
{
    "model": "auth.permission",
    "pk": 48,
    "fields": {
        "name": "Can delete Tag",
        "content_type": 16,
        "codename": "delete_tag"
    }
},
{
    "model": "auth.permission",
    "pk": 49,
    "fields": {
        "name": "Can add Tagged Item",
        "content_type": 17,
        "codename": "add_taggeditem"
    }
},
{
    "model": "auth.permission",
    "pk": 50,
    "fields": {
        "name": "Can change Tagged Item",
        "content_type": 17,
        "codename": "change_taggeditem"
    }
},
{
    "model": "auth.permission",
    "pk": 51,
    "fields": {
        "name": "Can delete Tagged Item",
        "content_type": 17,
        "codename": "delete_taggeditem"
    }
},
{
    "model": "auth.permission",
    "pk": 52,
    "fields": {
        "name": "Can add application",
        "content_type": 18,
        "codename": "add_application"
    }
},
{
    "model": "auth.permission",
    "pk": 53,
    "fields": {
        "name": "Can change application",
        "content_type": 18,
        "codename": "change_application"
    }
},
{
    "model": "auth.permission",
    "pk": 54,
    "fields": {
        "name": "Can delete application",
        "content_type": 18,
        "codename": "delete_application"
    }
},
{
    "model": "auth.permission",
    "pk": 55,
    "fields": {
        "name": "Can add grant",
        "content_type": 19,
        "codename": "add_grant"
    }
},
{
    "model": "auth.permission",
    "pk": 56,
    "fields": {
        "name": "Can change grant",
        "content_type": 19,
        "codename": "change_grant"
    }
},
{
    "model": "auth.permission",
    "pk": 57,
    "fields": {
        "name": "Can delete grant",
        "content_type": 19,
        "codename": "delete_grant"
    }
},
{
    "model": "auth.permission",
    "pk": 58,
    "fields": {
        "name": "Can add access token",
        "content_type": 20,
        "codename": "add_accesstoken"
    }
},
{
    "model": "auth.permission",
    "pk": 59,
    "fields": {
        "name": "Can change access token",
        "content_type": 20,
        "codename": "change_accesstoken"
    }
},
{
    "model": "auth.permission",
    "pk": 60,
    "fields": {
        "name": "Can delete access token",
        "content_type": 20,
        "codename": "delete_accesstoken"
    }
},
{
    "model": "auth.permission",
    "pk": 61,
    "fields": {
        "name": "Can add refresh token",
        "content_type": 21,
        "codename": "add_refreshtoken"
    }
},
{
    "model": "auth.permission",
    "pk": 62,
    "fields": {
        "name": "Can change refresh token",
        "content_type": 21,
        "codename": "change_refreshtoken"
    }
},
{
    "model": "auth.permission",
    "pk": 63,
    "fields": {
        "name": "Can delete refresh token",
        "content_type": 21,
        "codename": "delete_refreshtoken"
    }
},
{
    "model": "auth.permission",
    "pk": 64,
    "fields": {
        "name": "Can add cors model",
        "content_type": 22,
        "codename": "add_corsmodel"
    }
},
{
    "model": "auth.permission",
    "pk": 65,
    "fields": {
        "name": "Can change cors model",
        "content_type": 22,
        "codename": "change_corsmodel"
    }
},
{
    "model": "auth.permission",
    "pk": 66,
    "fields": {
        "name": "Can delete cors model",
        "content_type": 22,
        "codename": "delete_corsmodel"
    }
},
{
    "model": "auth.permission",
    "pk": 67,
    "fields": {
        "name": "Can add user social auth",
        "content_type": 23,
        "codename": "add_usersocialauth"
    }
},
{
    "model": "auth.permission",
    "pk": 68,
    "fields": {
        "name": "Can change user social auth",
        "content_type": 23,
        "codename": "change_usersocialauth"
    }
},
{
    "model": "auth.permission",
    "pk": 69,
    "fields": {
        "name": "Can delete user social auth",
        "content_type": 23,
        "codename": "delete_usersocialauth"
    }
},
{
    "model": "auth.permission",
    "pk": 70,
    "fields": {
        "name": "Can add nonce",
        "content_type": 24,
        "codename": "add_nonce"
    }
},
{
    "model": "auth.permission",
    "pk": 71,
    "fields": {
        "name": "Can change nonce",
        "content_type": 24,
        "codename": "change_nonce"
    }
},
{
    "model": "auth.permission",
    "pk": 72,
    "fields": {
        "name": "Can delete nonce",
        "content_type": 24,
        "codename": "delete_nonce"
    }
},
{
    "model": "auth.permission",
    "pk": 73,
    "fields": {
        "name": "Can add association",
        "content_type": 25,
        "codename": "add_association"
    }
},
{
    "model": "auth.permission",
    "pk": 74,
    "fields": {
        "name": "Can change association",
        "content_type": 25,
        "codename": "change_association"
    }
},
{
    "model": "auth.permission",
    "pk": 75,
    "fields": {
        "name": "Can delete association",
        "content_type": 25,
        "codename": "delete_association"
    }
},
{
    "model": "auth.permission",
    "pk": 76,
    "fields": {
        "name": "Can add code",
        "content_type": 26,
        "codename": "add_code"
    }
},
{
    "model": "auth.permission",
    "pk": 77,
    "fields": {
        "name": "Can change code",
        "content_type": 26,
        "codename": "change_code"
    }
},
{
    "model": "auth.permission",
    "pk": 78,
    "fields": {
        "name": "Can delete code",
        "content_type": 26,
        "codename": "delete_code"
    }
},
{
    "model": "auth.permission",
    "pk": 79,
    "fields": {
        "name": "Can add comment vote",
        "content_type": 27,
        "codename": "add_commentvote"
    }
},
{
    "model": "auth.permission",
    "pk": 80,
    "fields": {
        "name": "Can change comment vote",
        "content_type": 27,
        "codename": "change_commentvote"
    }
},
{
    "model": "auth.permission",
    "pk": 81,
    "fields": {
        "name": "Can delete comment vote",
        "content_type": 27,
        "codename": "delete_commentvote"
    }
},
{
    "model": "auth.user",
    "pk": 1,
    "fields": {
        "password": "sharan",
        "last_login": null,
        "is_superuser": false,
        "username": "sharan",
        "first_name": "Sharan",
        "last_name": "Lobana",
        "email": "sharan@gmail.com",
        "is_staff": false,
        "is_active": true,
        "date_joined": "2016-05-25T08:48:58.783Z",
        "groups": [],
        "user_permissions": []
    }
},
{
    "model": "auth.user",
    "pk": 2,
    "fields": {
        "password": "pbkdf2_sha256$24000$CEZ2Wh7s0LrD$sRrzfJcW+6MwML3wivivXgSyThEgylwX41+qqAjDwvk=",
        "last_login": "2016-05-28T11:00:58.549Z",
        "is_superuser": false,
        "username": "neeraj",
        "first_name": "Neeraj",
        "last_name": "Sharma",
        "email": "neeraj@gmail.com",
        "is_staff": false,
        "is_active": true,
        "date_joined": "2016-05-25T08:49:52.301Z",
        "groups": [],
        "user_permissions": []
    }
},
{
    "model": "auth.user",
    "pk": 4,
    "fields": {
        "password": "pbkdf2_sha256$24000$5El8ue0caqW8$bhnqhmyZ8DNxg3L8F08Z645/x8s2BvblR83U7fUUvy4=",
        "last_login": null,
        "is_superuser": false,
        "username": "pulkit",
        "first_name": "Pulkit",
        "last_name": "Pahwa",
        "email": "pulkit@gmail.com",
        "is_staff": false,
        "is_active": true,
        "date_joined": "2016-05-25T08:54:28.486Z",
        "groups": [],
        "user_permissions": []
    }
},
{
    "model": "auth.user",
    "pk": 5,
    "fields": {
        "password": "pbkdf2_sha256$24000$j8MqFxnJohjB$T3R7ES4mqxMr9mlTpO3poAS2zT55L4OyhEGuCmWB3Rc=",
        "last_login": "2016-06-01T10:40:40.504Z",
        "is_superuser": false,
        "username": "shashwat",
        "first_name": "Shashwat",
        "last_name": "Kumar",
        "email": "shashwat@gmail.com",
        "is_staff": false,
        "is_active": true,
        "date_joined": "2016-05-25T08:56:19.779Z",
        "groups": [],
        "user_permissions": []
    }
},
{
    "model": "auth.user",
    "pk": 6,
    "fields": {
        "password": "pbkdf2_sha256$24000$GND6ArFhK2jV$7VfzEPNjjSeeJLjNxZX5+pLOznviyw13DcjW9xiNeXY=",
        "last_login": "2016-05-28T13:18:00.016Z",
        "is_superuser": false,
        "username": "sunil",
        "first_name": "Sunil",
        "last_name": "Kumar",
        "email": "sunil@gmail.com",
        "is_staff": false,
        "is_active": true,
        "date_joined": "2016-05-25T08:56:53.026Z",
        "groups": [],
        "user_permissions": []
    }
},
{
    "model": "auth.user",
    "pk": 7,
    "fields": {
        "password": "pbkdf2_sha256$24000$nUSVZMQuis54$TGBGyISakczMYHRjyQ58VoMe5i8X8sxeAjVJ2Y2sk8Q=",
        "last_login": null,
        "is_superuser": true,
        "username": "kunal",
        "first_name": "Kunal",
        "last_name": "Jain",
        "email": "kunal@gmail.com",
        "is_staff": true,
        "is_active": true,
        "date_joined": "2016-05-25T08:57:13.041Z",
        "groups": [],
        "user_permissions": []
    }
},
{
    "model": "auth.user",
    "pk": 8,
    "fields": {
        "password": "pbkdf2_sha256$24000$CPCXGyUHrA7L$MEKknWuA651GgZxXpsp+nhXneFvVWWPdkczGnXAmB0k=",
        "last_login": "2016-06-01T15:55:08.388Z",
        "is_superuser": false,
        "username": "ajay",
        "first_name": "Ajay",
        "last_name": "Singhania",
        "email": "ajay@gmail.com",
        "is_staff": false,
        "is_active": true,
        "date_joined": "2016-05-25T08:57:38.993Z",
        "groups": [],
        "user_permissions": []
    }
},
{
    "model": "auth.user",
    "pk": 10,
    "fields": {
        "password": "pbkdf2_sha256$24000$nFHVXIvOBFiA$idGDVTvwTUn4sfBm4zmLG+B9khAeTmH8oHV8+gXpH1o=",
        "last_login": "2016-05-26T05:33:47.612Z",
        "is_superuser": true,
        "username": "sharanlobana",
        "first_name": "",
        "last_name": "",
        "email": "sps27iitr@gmail.com",
        "is_staff": true,
        "is_active": true,
        "date_joined": "2016-05-25T09:03:34.647Z",
        "groups": [],
        "user_permissions": []
    }
},
{
    "model": "auth.user",
    "pk": 11,
    "fields": {
        "password": "pbkdf2_sha256$24000$SYOtEZY0EP49$KrTfIDwbCaoMnHzpAdPrGLXUx27SHsuqgamGYQF3smA=",
        "last_login": null,
        "is_superuser": false,
        "username": "user0001",
        "first_name": "",
        "last_name": "",
        "email": "",
        "is_staff": false,
        "is_active": true,
        "date_joined": "2016-05-27T11:09:29.117Z",
        "groups": [],
        "user_permissions": []
    }
},
{
    "model": "auth.user",
    "pk": 12,
    "fields": {
        "password": "pbkdf2_sha256$24000$r7jLBW3JbTW6$+Rinj9BRHjawRlp2uVfzuUVV3aAndYCLcBCRIM1z9C8=",
        "last_login": null,
        "is_superuser": false,
        "username": "syeddanish",
        "first_name": "",
        "last_name": "",
        "email": "",
        "is_staff": false,
        "is_active": true,
        "date_joined": "2016-05-27T11:55:51.656Z",
        "groups": [],
        "user_permissions": []
    }
},
{
    "model": "auth.user",
    "pk": 13,
    "fields": {
        "password": "pbkdf2_sha256$24000$aOZyXK61xNjr$ljNsdIog/cieBi6dKqChed2UoekcpqmTkLqs18vgvLM=",
        "last_login": null,
        "is_superuser": false,
        "username": "danishbaba",
        "first_name": "",
        "last_name": "",
        "email": "",
        "is_staff": false,
        "is_active": true,
        "date_joined": "2016-05-27T11:58:21.226Z",
        "groups": [],
        "user_permissions": []
    }
},
{
    "model": "auth.user",
    "pk": 14,
    "fields": {
        "password": "pbkdf2_sha256$24000$V8fKsCzOdc4O$J1LzQIN5nRCeGObI1zgY5zSqnKsod7dudaVreDV/5cg=",
        "last_login": null,
        "is_superuser": false,
        "username": "danishbabaji",
        "first_name": "",
        "last_name": "",
        "email": "",
        "is_staff": false,
        "is_active": true,
        "date_joined": "2016-05-27T11:59:11.263Z",
        "groups": [],
        "user_permissions": []
    }
},
{
    "model": "auth.user",
    "pk": 15,
    "fields": {
        "password": "!Us8k8WaGQwQBgvEHY0i8RGPf4JoAasQN9pNcQYeX",
        "last_login": "2016-05-27T12:25:15.484Z",
        "is_superuser": false,
        "username": "SharanLobana",
        "first_name": "Sharan",
        "last_name": "Lobana",
        "email": "",
        "is_staff": false,
        "is_active": true,
        "date_joined": "2016-05-27T12:25:15.370Z",
        "groups": [],
        "user_permissions": []
    }
},
{
    "model": "suggest.userprofile",
    "pk": 2,
    "fields": {
        "likes": 0,
        "profile_image": "",
        "groups": [],
        "user_permissions": []
    }
},
{
    "model": "suggest.userprofile",
    "pk": 4,
    "fields": {
        "likes": 0,
        "profile_image": "",
        "groups": [],
        "user_permissions": []
    }
},
{
    "model": "suggest.userprofile",
    "pk": 5,
    "fields": {
        "likes": 0,
        "profile_image": "",
        "groups": [],
        "user_permissions": []
    }
},
{
    "model": "suggest.userprofile",
    "pk": 6,
    "fields": {
        "likes": 0,
        "profile_image": "",
        "groups": [],
        "user_permissions": []
    }
},
{
    "model": "suggest.userprofile",
    "pk": 7,
    "fields": {
        "likes": 0,
        "profile_image": "",
        "groups": [],
        "user_permissions": []
    }
},
{
    "model": "suggest.userprofile",
    "pk": 8,
    "fields": {
        "likes": 0,
        "profile_image": "",
        "groups": [],
        "user_permissions": []
    }
},
{
    "model": "suggest.userpost",
    "pk": 1,
    "fields": {
        "user": 5,
        "pub_date": "2016-05-25T09:28:33.305Z",
        "is_flagged": false,
        "last_updated_date": null,
        "posted_anonymously": false,
        "text": " You uber from the airport to your new home. The rent is beyond belief, but so is your salary. Your driver grew up in the city but the rent forced him to move out. He asks if you work in tech. You say yes, and the conversation stops. ",
        "is_published": true,
        "post_title": "What is it like being an Indian in the Silicon Valley",
        "post_type": "re",
        "slug": "what-is-it-like-being-an-indian-in-the-silicon-val",
        "is_closed": false,
        "closed_date": null,
        "num_of_views": 269
    }
},
{
    "model": "suggest.userpost",
    "pk": 2,
    "fields": {
        "user": 8,
        "pub_date": "2016-05-25T09:38:29.356Z",
        "is_flagged": false,
        "last_updated_date": null,
        "posted_anonymously": false,
        "text": "    I wanted to know what is data science all about, when did it evolve as a discipline and what are its limitations.I would also like to know what can we achieve with this field w.r.t exploring new options for living , like search for life on Mars.    ",
        "is_published": true,
        "post_title": "What is Data Science",
        "post_type": "re",
        "slug": "what-is-data-science",
        "is_closed": true,
        "closed_date": null,
        "num_of_views": 288
    }
},
{
    "model": "suggest.userpost",
    "pk": 3,
    "fields": {
        "user": 2,
        "pub_date": "2016-05-25T12:48:11.058Z",
        "is_flagged": false,
        "last_updated_date": null,
        "posted_anonymously": false,
        "text": " I would like to know the importance of machine learning in data science .Can I become a data scientist without any prior knowledge of machine learning? What are the tools I can use where you can use ML algorithms without any knowledge of how the internals of the algorithms work. ",
        "is_published": false,
        "post_title": "What is the importance of machine learning in data science?",
        "post_type": "re",
        "slug": "what-is-the-importance-of-machine-learning-in-data",
        "is_closed": false,
        "closed_date": null,
        "num_of_views": 0
    }
},
{
    "model": "suggest.userpost",
    "pk": 4,
    "fields": {
        "user": 2,
        "pub_date": "2016-05-26T06:35:03.191Z",
        "is_flagged": false,
        "last_updated_date": null,
        "posted_anonymously": true,
        "text": " I am a beginner to using Microsoft Office Excel 2010. I don't know how to import it into csv.Please help ",
        "is_published": true,
        "post_title": "How to import an excel into csv ",
        "post_type": "u",
        "slug": "how-to-import-an-excel-into-csv",
        "is_closed": false,
        "closed_date": null,
        "num_of_views": 21
    }
},
{
    "model": "suggest.userpost",
    "pk": 5,
    "fields": {
        "user": 2,
        "pub_date": "2016-05-27T10:34:24.491Z",
        "is_flagged": false,
        "last_updated_date": null,
        "posted_anonymously": false,
        "text": "Big Data, Cloud, Internet of Things are sexy, marketing buzzwords to describe existing technologies that are ready for the mainstream. In fact, at LinuxCon I was at a talk emphasizing on creating such marketing goo to help whip up the excitement. \r\nDilbert comic strip for 07/29/2012 from the official Dilbert comic strips archive.\r\nBig Data used to be called Analytics/Business Intelligence before the industry felt the need for a sexier term. If you have ever drawn a chart in Excel out of a column of data, you have used a tiny version of \"Big Data\".  Just that scale is massive. Big data just means making sense out of a large volume of data.\r\n",
        "is_published": false,
        "post_title": "Big Data: What is big data and what is its use?",
        "post_type": "su",
        "slug": "big-data-what-is-big-data-and-what-is-its-use",
        "is_closed": false,
        "closed_date": null,
        "num_of_views": 44
    }
},
{
    "model": "suggest.userpost",
    "pk": 6,
    "fields": {
        "user": 2,
        "pub_date": "2016-05-28T11:10:29.898Z",
        "is_flagged": false,
        "last_updated_date": null,
        "posted_anonymously": false,
        "text": "This is a test post to check the application",
        "is_published": true,
        "post_title": "Test post by KUnal",
        "post_type": "re",
        "slug": "test-post-by-kunal",
        "is_closed": false,
        "closed_date": null,
        "num_of_views": 58
    }
},
{
    "model": "suggest.userpost",
    "pk": 7,
    "fields": {
        "user": 6,
        "pub_date": "2016-05-28T13:19:20.819Z",
        "is_flagged": false,
        "last_updated_date": null,
        "posted_anonymously": false,
        "text": "  Happened with my friend:\r\nQ: Write a program to display the current time.\r\nMy friend wrote code to display 11.00 am ( hardcoded text).\r\nCalled the teacher at 10.59 am.\r\nRan the code and it showed 11.00 am at 11.00 am.\r\nResult : Pass  ",
        "is_published": true,
        "post_title": "How students in Indian colleges are taught programming",
        "post_type": "re",
        "slug": "how-students-in-indian-colleges-are-taught-program",
        "is_closed": false,
        "closed_date": null,
        "num_of_views": 75
    }
},
{
    "model": "suggest.userpost",
    "pk": 8,
    "fields": {
        "user": 5,
        "pub_date": "2016-05-30T14:07:30.704Z",
        "is_flagged": false,
        "last_updated_date": null,
        "posted_anonymously": false,
        "text": "I don't know at all.Even the people who work there don't know at all.",
        "is_published": true,
        "post_title": "How is it like working at Analytics Vidhya",
        "post_type": "su",
        "slug": "how-is-it-like-working-at-analytics-vidhya",
        "is_closed": false,
        "closed_date": null,
        "num_of_views": 17
    }
},
{
    "model": "suggest.userpost",
    "pk": 9,
    "fields": {
        "user": 6,
        "pub_date": "2016-06-01T08:44:39.373Z",
        "is_flagged": false,
        "last_updated_date": null,
        "posted_anonymously": true,
        "text": "This is a test post",
        "is_published": true,
        "post_title": "a test",
        "post_type": "su",
        "slug": "a-test",
        "is_closed": false,
        "closed_date": null,
        "num_of_views": 1
    }
},
{
    "model": "suggest.usercomment",
    "pk": 2,
    "fields": {
        "user": 8,
        "pub_date": "2016-05-25T12:03:42.476Z",
        "is_flagged": false,
        "last_updated_date": null,
        "posted_anonymously": false,
        "text": "Being an Indian in the Silicon Valley,you get to know about the heart of tech civilization from a developers perspective.",
        "is_published": true,
        "post": 1,
        "slug": "being-an-indian-in-the-silicon-valleyyou-get-to-kn"
    }
},
{
    "model": "suggest.usercomment",
    "pk": 3,
    "fields": {
        "user": 2,
        "pub_date": "2016-05-25T19:05:25.208Z",
        "is_flagged": false,
        "last_updated_date": null,
        "posted_anonymously": false,
        "text": "   Mission Report December 16 ",
        "is_published": false,
        "post": 2,
        "slug": "mission-report-december-16"
    }
},
{
    "model": "suggest.usercomment",
    "pk": 4,
    "fields": {
        "user": 2,
        "pub_date": "2016-05-25T20:13:06.812Z",
        "is_flagged": false,
        "last_updated_date": null,
        "posted_anonymously": false,
        "text": "Mission Report December 26, 1991",
        "is_published": false,
        "post": 2,
        "slug": "mission-report-december-26-1991"
    }
},
{
    "model": "suggest.usercomment",
    "pk": 5,
    "fields": {
        "user": 2,
        "pub_date": "2016-05-26T05:00:28.879Z",
        "is_flagged": false,
        "last_updated_date": null,
        "posted_anonymously": false,
        "text": "Dude, did you watch the new Game of Thrones Season 6 Episode 5 , Its awesome, :)",
        "is_published": true,
        "post": 2,
        "slug": "dude-did-you-watch-the-new-game-of-thrones-season-"
    }
},
{
    "model": "suggest.usercomment",
    "pk": 6,
    "fields": {
        "user": 2,
        "pub_date": "2016-05-26T05:39:14.122Z",
        "is_flagged": false,
        "last_updated_date": null,
        "posted_anonymously": false,
        "text": "Yeah , you are right bro\r\n",
        "is_published": true,
        "post": 1,
        "slug": "yeah-you-are-right-bro"
    }
},
{
    "model": "suggest.usercomment",
    "pk": 7,
    "fields": {
        "user": 5,
        "pub_date": "2016-05-26T21:09:42.361Z",
        "is_flagged": false,
        "last_updated_date": null,
        "posted_anonymously": false,
        "text": "There are a lot of perks.But you would enjoy none if Trump becomes the President.",
        "is_published": true,
        "post": 1,
        "slug": "there-are-a-lot-of-perksbut-you-would-enjoy-none-i"
    }
},
{
    "model": "suggest.usercomment",
    "pk": 8,
    "fields": {
        "user": 8,
        "pub_date": "2016-05-28T09:59:03.515Z",
        "is_flagged": false,
        "last_updated_date": null,
        "posted_anonymously": false,
        "text": "Please someone comment fast. I have a deadline to adhere to.",
        "is_published": true,
        "post": 2,
        "slug": "please-someone-comment-fast-i-have-a-deadline-to-a"
    }
},
{
    "model": "suggest.usercomment",
    "pk": 9,
    "fields": {
        "user": 2,
        "pub_date": "2016-05-28T11:12:21.930Z",
        "is_flagged": false,
        "last_updated_date": null,
        "posted_anonymously": true,
        "text": "Test comment",
        "is_published": true,
        "post": 6,
        "slug": "test-comment"
    }
},
{
    "model": "suggest.usercomment",
    "pk": 10,
    "fields": {
        "user": 2,
        "pub_date": "2016-05-28T11:15:58.040Z",
        "is_flagged": false,
        "last_updated_date": null,
        "posted_anonymously": false,
        "text": "tEST POST ON CLOSED",
        "is_published": true,
        "post": 6,
        "slug": "test-post-on-closed"
    }
},
{
    "model": "suggest.usercomment",
    "pk": 11,
    "fields": {
        "user": 2,
        "pub_date": "2016-05-28T11:16:46.953Z",
        "is_flagged": false,
        "last_updated_date": null,
        "posted_anonymously": false,
        "text": "Test comment again",
        "is_published": true,
        "post": 6,
        "slug": "test-comment-again"
    }
},
{
    "model": "suggest.usercomment",
    "pk": 12,
    "fields": {
        "user": 6,
        "pub_date": "2016-05-31T11:57:20.220Z",
        "is_flagged": false,
        "last_updated_date": null,
        "posted_anonymously": true,
        "text": "This is how students are taught programming in colleges in India\r\n",
        "is_published": true,
        "post": 7,
        "slug": "this-is-how-students-are-taught-programming-in-col"
    }
},
{
    "model": "suggest.userreply",
    "pk": 1,
    "fields": {
        "user": 2,
        "pub_date": "2016-05-25T20:13:16.314Z",
        "is_flagged": false,
        "last_updated_date": null,
        "posted_anonymously": false,
        "text": "That Meme though",
        "is_published": true,
        "comment": 4,
        "slug": "that-meme-though"
    }
},
{
    "model": "suggest.userreply",
    "pk": 2,
    "fields": {
        "user": 2,
        "pub_date": "2016-05-25T20:14:44.701Z",
        "is_flagged": false,
        "last_updated_date": null,
        "posted_anonymously": false,
        "text": "Yo bro",
        "is_published": true,
        "comment": 4,
        "slug": "yo-bro"
    }
},
{
    "model": "suggest.userreply",
    "pk": 3,
    "fields": {
        "user": 2,
        "pub_date": "2016-05-26T05:01:15.557Z",
        "is_flagged": false,
        "last_updated_date": null,
        "posted_anonymously": true,
        "text": "I love to post spam and fraud",
        "is_published": true,
        "comment": 5,
        "slug": "i-love-to-post-spam-and-fraud"
    }
},
{
    "model": "suggest.userreply",
    "pk": 4,
    "fields": {
        "user": 2,
        "pub_date": "2016-05-26T05:37:31.451Z",
        "is_flagged": false,
        "last_updated_date": null,
        "posted_anonymously": true,
        "text": "Hold the door , Hold the door\r\n\t\t                \t\r\n\t\t                ",
        "is_published": false,
        "comment": 2,
        "slug": "hold-the-door-hold-the-door"
    }
},
{
    "model": "suggest.userreply",
    "pk": 5,
    "fields": {
        "user": 5,
        "pub_date": "2016-05-26T20:53:00.713Z",
        "is_flagged": false,
        "last_updated_date": null,
        "posted_anonymously": false,
        "text": "There are two quantum states of matter.",
        "is_published": true,
        "comment": 2,
        "slug": "there-are-two-quantum-states-of-matter"
    }
},
{
    "model": "suggest.userreply",
    "pk": 6,
    "fields": {
        "user": 8,
        "pub_date": "2016-05-28T08:32:20.782Z",
        "is_flagged": false,
        "last_updated_date": null,
        "posted_anonymously": false,
        "text": "This is a dummy reply",
        "is_published": true,
        "comment": 6,
        "slug": "this-is-a-dummy-reply"
    }
},
{
    "model": "suggest.userreply",
    "pk": 7,
    "fields": {
        "user": 8,
        "pub_date": "2016-05-28T09:58:36.172Z",
        "is_flagged": false,
        "last_updated_date": null,
        "posted_anonymously": false,
        "text": "You seem to be right buddy",
        "is_published": true,
        "comment": 5,
        "slug": "you-seem-to-be-right-buddy"
    }
},
{
    "model": "suggest.userreply",
    "pk": 8,
    "fields": {
        "user": 2,
        "pub_date": "2016-05-28T11:23:43.044Z",
        "is_flagged": false,
        "last_updated_date": null,
        "posted_anonymously": false,
        "text": "Reply to a reply",
        "is_published": true,
        "comment": 2,
        "slug": "reply-to-a-reply"
    }
},
{
    "model": "suggest.vote",
    "pk": 1,
    "fields": {
        "user": 2,
        "post": 2,
        "up_vote": true,
        "first_voted": "2016-05-28T13:53:01.841Z",
        "last_changed": "2016-05-28T13:53:06.586Z"
    }
},
{
    "model": "suggest.vote",
    "pk": 2,
    "fields": {
        "user": 2,
        "post": 1,
        "up_vote": true,
        "first_voted": "2016-05-28T13:53:01.841Z",
        "last_changed": "2016-05-28T13:53:06.586Z"
    }
},
{
    "model": "suggest.vote",
    "pk": 3,
    "fields": {
        "user": 5,
        "post": 2,
        "up_vote": null,
        "first_voted": "2016-05-28T13:53:01.841Z",
        "last_changed": "2016-05-30T10:56:29.501Z"
    }
},
{
    "model": "suggest.vote",
    "pk": 4,
    "fields": {
        "user": 5,
        "post": 4,
        "up_vote": true,
        "first_voted": "2016-05-28T13:53:01.841Z",
        "last_changed": "2016-05-28T13:53:06.586Z"
    }
},
{
    "model": "suggest.vote",
    "pk": 5,
    "fields": {
        "user": 5,
        "post": 1,
        "up_vote": true,
        "first_voted": "2016-05-28T13:53:01.841Z",
        "last_changed": "2016-06-01T09:17:33.873Z"
    }
},
{
    "model": "suggest.vote",
    "pk": 6,
    "fields": {
        "user": 8,
        "post": 2,
        "up_vote": false,
        "first_voted": "2016-05-28T13:53:01.841Z",
        "last_changed": "2016-05-28T13:53:06.586Z"
    }
},
{
    "model": "suggest.vote",
    "pk": 7,
    "fields": {
        "user": 8,
        "post": 5,
        "up_vote": true,
        "first_voted": "2016-05-28T13:53:01.841Z",
        "last_changed": "2016-05-28T13:53:06.586Z"
    }
},
{
    "model": "suggest.vote",
    "pk": 8,
    "fields": {
        "user": 8,
        "post": 1,
        "up_vote": true,
        "first_voted": "2016-05-28T13:53:01.841Z",
        "last_changed": "2016-05-28T13:53:06.586Z"
    }
},
{
    "model": "suggest.vote",
    "pk": 9,
    "fields": {
        "user": 2,
        "post": 6,
        "up_vote": true,
        "first_voted": "2016-05-28T13:53:01.841Z",
        "last_changed": "2016-05-28T13:53:06.586Z"
    }
},
{
    "model": "suggest.vote",
    "pk": 10,
    "fields": {
        "user": 6,
        "post": 7,
        "up_vote": true,
        "first_voted": "2016-05-28T13:57:05.907Z",
        "last_changed": "2016-06-01T08:29:42.424Z"
    }
},
{
    "model": "suggest.vote",
    "pk": 11,
    "fields": {
        "user": 6,
        "post": 2,
        "up_vote": true,
        "first_voted": "2016-05-28T14:15:48.699Z",
        "last_changed": "2016-05-28T14:15:48.699Z"
    }
},
{
    "model": "suggest.vote",
    "pk": 12,
    "fields": {
        "user": 5,
        "post": 6,
        "up_vote": true,
        "first_voted": "2016-05-30T08:03:11.909Z",
        "last_changed": "2016-05-30T10:52:12.841Z"
    }
},
{
    "model": "suggest.vote",
    "pk": 13,
    "fields": {
        "user": 5,
        "post": 8,
        "up_vote": true,
        "first_voted": "2016-05-30T14:08:10.738Z",
        "last_changed": "2016-06-01T10:45:43.387Z"
    }
},
{
    "model": "suggest.vote",
    "pk": 14,
    "fields": {
        "user": 5,
        "post": 7,
        "up_vote": true,
        "first_voted": "2016-05-30T14:32:30.698Z",
        "last_changed": "2016-06-01T07:29:22.647Z"
    }
},
{
    "model": "suggest.vote",
    "pk": 15,
    "fields": {
        "user": 6,
        "post": 8,
        "up_vote": true,
        "first_voted": "2016-05-30T20:24:49.356Z",
        "last_changed": "2016-05-30T20:24:51.734Z"
    }
},
{
    "model": "suggest.vote",
    "pk": 16,
    "fields": {
        "user": 6,
        "post": 1,
        "up_vote": true,
        "first_voted": "2016-06-01T08:03:03.402Z",
        "last_changed": "2016-06-01T08:40:37.918Z"
    }
},
{
    "model": "suggest.commentvote",
    "pk": 1,
    "fields": {
        "user": 5,
        "comment": 2,
        "up_vote": null,
        "first_voted": "2016-06-01T05:54:07.174Z",
        "last_changed": "2016-06-01T10:43:12.067Z"
    }
},
{
    "model": "suggest.commentvote",
    "pk": 2,
    "fields": {
        "user": 5,
        "comment": 6,
        "up_vote": false,
        "first_voted": "2016-06-01T05:56:06.575Z",
        "last_changed": "2016-06-01T10:43:06.639Z"
    }
},
{
    "model": "suggest.commentvote",
    "pk": 3,
    "fields": {
        "user": 5,
        "comment": 7,
        "up_vote": null,
        "first_voted": "2016-06-01T05:57:12.068Z",
        "last_changed": "2016-06-01T06:18:39.185Z"
    }
},
{
    "model": "suggest.commentvote",
    "pk": 4,
    "fields": {
        "user": 5,
        "comment": 12,
        "up_vote": true,
        "first_voted": "2016-06-01T07:29:26.998Z",
        "last_changed": "2016-06-01T07:29:26.998Z"
    }
},
{
    "model": "suggest.commentvote",
    "pk": 5,
    "fields": {
        "user": 6,
        "comment": 2,
        "up_vote": true,
        "first_voted": "2016-06-01T08:15:52.639Z",
        "last_changed": "2016-06-01T08:40:46.379Z"
    }
},
{
    "model": "suggest.commentvote",
    "pk": 6,
    "fields": {
        "user": 6,
        "comment": 6,
        "up_vote": true,
        "first_voted": "2016-06-01T08:17:29.846Z",
        "last_changed": "2016-06-01T08:19:11.916Z"
    }
},
{
    "model": "suggest.commentvote",
    "pk": 7,
    "fields": {
        "user": 6,
        "comment": 7,
        "up_vote": true,
        "first_voted": "2016-06-01T08:17:31.821Z",
        "last_changed": "2016-06-01T08:17:31.821Z"
    }
},
{
    "model": "default.usersocialauth",
    "pk": 1,
    "fields": {
        "user": 15,
        "provider": "linkedin-oauth2",
        "uid": "h-nTn4Bi4p",
        "extra_data": "{\"access_token\": \"AQUsetr2CY1qQ-gsbR5KGO5LdPdRt4fY61ZQnYkw1twSAGt4kNngfdOZU4S2TYfCuHyswBOXoOglJcNyi_9irXjYpyPpp2T041ZEefLcnPqDOmVfFELZ5i0uUnPgGvSeNZBvaypy4R9mf2vTaDHkeFR2yUdHzy8abR_VE1-Lr02yb48OSFc\", \"first_name\": \"Sharan\", \"last_name\": \"Lobana\", \"id\": \"h-nTn4Bi4p\"}"
    }
},
{
    "model": "admin.logentry",
    "pk": 1,
    "fields": {
        "action_time": "2016-05-26T05:34:11.606Z",
        "user": 10,
        "content_type": 9,
        "object_id": "1",
        "object_repr": "Being an Indian in the Silicon Valley,you get to know about the heart of tech civilization from a developers perspective.",
        "action_flag": 3,
        "change_message": ""
    }
}
]
